Keyword,SEO Title,H1 Title,Meta Description,internal url,urlslug,notes to rank,comp1,comp2,comp3,Vol,KD,Competition,comp1 url,comp2 url,comp3 url,comp4,comp5,status
sustainable farming solutions,Sustainable Farming Solutions That Actually Work in 2026,Sustainable Farming Solutions: What's Working in 2026,"Tired of advice that doesn't translate to real farms? Discover sustainable farming solutions that boost yield, cut costs, and actually work on the ground in 2026.","https://toyadhi.in/solutions/sustainable-farming
https://toyadhi.in/solutions/circular-farming
https://toyadhi.in/solutions/smart-farming
",/solutions/sustainable-farming,"To rank effectively, focus on current advancements and technologies in sustainable farming, highlighting eco-friendly innovations and productivity enhancements. Emphasize the impact on global food security and environmental health. Utilize keywords naturally and provide actionable insights for farmers and policymakers. Engage readers with evidence-based data and case studies. Include multimedia elements to enhance user experience and dwell time.",Sustainable Farming Solutions - The World Economic Forum,Sustainable Farming Solutions,Sustainable Farming Solutions | Eco-Friendly Agriculture Practices,,,,https://www.weforum.org/organizations/sustainable-farming-solutions/,https://www.sustainablefarmingsolutions.com/,https://vlsci.com/blog/what-is-sustainable-farming/,What Is Sustainable Farming - Complete Guide,Solutions and examples for sustainable agriculture,DONE
advanced farming systems,Advanced Farming Systems in 2026: What's Worth the Investment,Advanced Farming Systems: The Real ROI Breakdown for 2026,Not every advanced farming system pays off. Here's an honest breakdown of which technologies deliver real results and which ones are just hype in 2026.,"https://toyadhi.in/solutions/advanced-cultivation
https://toyadhi.in/solutions/smart-farming
https://toyadhi.in/solutions/integrated-solutions
",/solutions/advanced-cultivation,"Focus on AI integration, precision tech, and sustainability. Highlight ROI benefits with case studies. Use engaging visuals and straightforward language to appeal to innovators and traditional farmers. Ensure a user-friendly reading experience with scannable sections and bullet points, addressing specific farming challenges.",Advanced Farming Systems,AFS Advanced Farming Systems - YouTube,Case IH Advanced Farming Systems (AFS) - Farmers Equipment,,,,https://afs-ag.com/,https://www.youtube.com/playlist?list=PL2nAbz7sdZ9pUD3SSZ2jOCU9m1fWpYQyw,https://www.youtube.com/watch?v=VlpzhLcoW0Y,10 - Top 5 Advanced Farming Technologies in the World - YouTube,Advanced Farming Systems (AFS) Software From - OEM Off-Highway,DONE
smart farming technology India,Smart Farming Technology in India 2026: What's Actually Working,Smart Farming Technology in India: The 2026 Ground Reality,"India's smart farming technology boom is real, but patchy. Here's what's actually working for farmers in 2026, from IoT sensors to AI-driven precision tools.","https://toyadhi.in/solutions/smart-farming
https://toyadhi.in/integrated-solutions
https://toyadhi.in/solutions/advanced-cultivation
",/solutions/smart-farming,"Focus on cutting-edge advancements in smart farming such as AI, IoT, and sustainable practices. Highlight real-world applications and successes in India from 2026. Ensure comprehensive detail on technology integration, environmental impact, and economic benefits to align with search intent and reader interest.",Smart Farm India – Connecting solutions to end rural poverty,Smart Farming in India: Precision Techniques and Benefits - Leher,5G technology and smart agriculture to aid Indian farmers - CGIAR,,,,https://smartfarmindia.org/,https://www.leher.ag/blog/smart-farming-india-precision-techniques-benefits,https://www.extensionjournal.com/article/view/1699/8-3-31,[PDF] Smart farming solutions in India: Exploring agritech service delivery ...,SMART FARMING INDIA (P) LTD | Home :: SMART FARMING,DONE
post harvest management India,Post Harvest Management in India 2026: Stop Losing What You Grew,Post Harvest Management in India: How to Stop Losing 30% of Your Crop,India loses crores worth of produce every year to poor post harvest management. Here are the 2026 strategies that are actually cutting those losses down.,"https://toyadhi.in/solutions/post-harvest
https://toyadhi.in/solutions/smart-farming
https://toyadhi.in/solutions/advanced-cultivation
",/solutions/post-harvest,"Focus on integrating cutting-edge technology and sustainable practices. Detail government initiatives, economic impacts, and case studies of successful implementations. Highlight strategies that minimize losses and improve quality to meet current market demands. Provide actionable insights and comprehensive guides to engaging both experts and newcomers in the field.",Post-Harvest Management of Fruits in India: A Review - ResearchGate,Post-Harvest Management and Value Addition,Post Harvest Management of Fruits and Vegetables in India,,,,https://www.researchgate.net/publication/381829685_Post-Harvest_Management_of_Fruits_in_India_A_Review,https://nconf.dac.gov.in/PostHarvestManagementAndValueAddition,https://www.pib.gov.in/PressReleasePage.aspx?PRID=2148529,schemes to minimise post-harvest losses - PIB,Post- Harvest Management - Anand Agricultural University,DONE
circular farming systems,Circular Farming Systems 2026: Zero Waste Agriculture That Pays,Circular Farming Systems: How Zero Waste Agriculture Actually Makes Money,"Circular farming systems are not just good for the planet. Done right, they cut input costs and increase margins. Here is how leading farms are doing it in 2026.","https://toyadhi.in/solutions/sustainable-farming
https://toyadhi.in/solutions/climate-sustainability
https://toyadhi.in/solutions/advanced-cultivation
",/solutions/circular-farming,"Focus on innovations and future impacts of circular farming systems. Highlight environmental benefits, technological advancements, and success stories. Use images and infographics to increase engagement and ensure clear, concise information delivery.",Center-pivot irrigation - Wikipedia,Circular Food Systems: Rethinking Agriculture & The Economy,Circular Farming Systems: Blueprint for Zero Waste Agriculture By ...,,,,https://en.wikipedia.org/wiki/Center-pivot_irrigation,https://www.ellenmacarthurfoundation.org/topics/food/overview,https://www.sciencedirect.com/science/article/pii/S2667010025002197,Transitioning from linear to circular systems offers sustainable ...,Circle Farming - Secrid,DONE
climate smart agriculture India,Climate Smart Agriculture in India 2026: Survive and Profit,Climate Smart Agriculture in India: What 2026 Demands From Every Farmer,Erratic rainfall. Rising heat. Shrinking margins. Discover the climate smart agriculture strategies Indian farmers are using in 2026 to protect yield and income.,"https://toyadhi.in/solutions/climate-sustainability
https://toyadhi.in/solutions/smart-farming
https://toyadhi.in/solutions/sustainable-farming
",/solutions/climate-sustainability,"Focus on India's advancements in climate-smart agriculture since 2025, highlighting technological innovations, policy changes, and economic impacts. Utilize case studies, farmer testimonials, and expert insights. Ensure content provides actionable knowledge for Indian farmers and policymakers with a future-oriented approach to maintain relevance and engagement. Emphasize sustainable practices and tech integration to appeal both to human readers and AI algorithms analyzing relevance.",[PDF] Climate smart farming in India - Environmental Defense Fund,How can India Scale Climate-Resilient & Climate-Smart Farming?,Economy-wide impact of climate smart agriculture in India: a SAM ...,,,,https://www.edf.org/sites/default/files/documents/Climate-smart-agriculture-India-EDF-report.pdf,https://www.ceew.in/publications/how-can-india-scale-climate-resilient-agriculture-practices-and-smart-farming,https://aif.org/climate-smart-agriculture-a-mantra-for-climate-action/,Climate Smart Agriculture – A Mantra for Climate Action - AIF,[PDF] India's Experience with Climate Smart Agriculture,DONE
agri business development India,Agri Business Development in India: Biggest Opportunities in 2026,Agri Business Development in India: Where the Real Money Is in 2026,India's agri business development sector is seeing its biggest shift in decades. Here are the opportunities that smart investors and farmers are moving on right now.,"https://toyadhi.in/solutions/agri-business
https://toyadhi.in/agri-business-consulting
https://toyadhi.in/farming-business-ideas
",/solutions/agri-business,"Focus on future development trends in Indian agribusiness, key innovations, and government policies impacting growth. Include case studies of successful ventures and forecast data to attract investment interest. Emphasize sustainable practices and technology integration to align with current global standards and expectations.",Agribusiness Development - Tamil Nadu Agricultural University,Margadarshak Centre for Agribusiness Development: MCABD,APEDA: Home,,,,https://tnau.ac.in/site/abd/,https://mcabdindia.com/,https://www.mckinsey.com/industries/agriculture/our-insights/value-creation-in-indian-agriculture,Value creation in Indian agriculture | McKinsey,Agri-Business Incubation Centres in India - MANAGE,DONE
agriculture consulting company India,Best Agriculture Consulting Company in India 2026: Honest Guide,How to Choose the Right Agriculture Consulting Company in India,"Not all agriculture consulting companies in India deliver results. Here is what to look for, what to avoid, and which firms are actually worth your money in 2026.","https://toyadhi.in/solutions/sustainable-farming
https://toyadhi.in/solutions/agri-business-consulting
https://toyadhi.in/farm-optimization
",/about,"Focus on showcasing innovative, sustainable solutions tailored for 2026, emphasizing technological advancements. Highlight success stories and case studies. Use keywords strategically, ensuring content aligns with user intent. Address both local and international trends in Indian agriculture consulting to position as a thought leader.",India Agriculture Consulting | YCP Group,Top Farming Consulting India | Best Agro Consultants | Farm ...,Top Agriculture consulting firms in India,,,,https://ycp.com/lp/india-agriculture-consulting,https://kisaanmitrr.in/,https://www.pwc.in/consulting/management-consulting/agriculture-social-sector-consulting.html,Agriculture and food | management consulting - PwC India,Sprout India,DONE
integrated farming solutions,"Integrated Farming Solutions 2026: More Output, Less Waste",Integrated Farming Solutions: The System That Beats Single-Crop Farming,"Integrated farming solutions combine crops, livestock, and waste cycles to slash costs and multiply income. Here is how to set one up that works in 2026.","https://toyadhi.in/solutions/smart-farming
https://toyadhi.in/integrated-solutions
https://toyadhi.in/solutions/circular-farming
",/integrated-solutions,"Focus on addressing the latest technological advancements and sustainability benefits in integrated farming. Highlight innovation, eco-friendly practices, and efficiency. Use data and future trends to engage readers. Emphasize the comprehensive integration of systems and solutions tailored for 2026 to match user intent and captivate audiences.",Integrated Farming Solutions - Dairy One,Integrated Farm System Model : USDA ARS,[PDF] INTEGRATED FARMING SYSTEMS: IMPROVING LAND USE ...,,,,https://dairyone.com/services/integrated-farming-solutions/integrated-farming-solutions/,https://www.ars.usda.gov/northeast-area/up-pa/pswmru/docs/integrated-farm-system-model/,https://caff.org/ecologicalfarming/integrated-crop-livestock-systems/,Integrated Crop / Livestock Systems,Top 10 Integrated Farming Systems That Changed The Game,DONE
agriculture training programs India,Best Agriculture Training Programs in India 2026: Worth It?,Agriculture Training Programs in India: Which Ones Are Actually Worth Your Time,"Hundreds of agriculture training programs in India promise transformation. Here are the ones with real outcomes, verified skills, and placement records in 2026.","https://toyadhi.in/training
https://toyadhi.in/solutions/sustainable-farming
https://toyadhi.in/solutions/advanced-cultivation
",/training,"Focus on in-depth analysis of the latest training programs, highlighting unique benefits and outcomes. Emphasize cutting-edge techniques, sustainability, and real-world applicability. Use data and testimonials to build credibility. Ensure content aligns with expert insights to boost visibility in AI overviews and Google Rankings, catering to a tech-savvy audience interested in innovative agricultural practices.",Agriculture Skill Council of India: ASCI,Ongoing Training Programs | ICAR-National Academy of Agricultural ...,21 Days Residential Certificate Course on Organic Farming,,,,https://asci-india.com/,https://naarm.org.in/ongoing-training-programs/,https://aau.in/training-courses,Training Courses - Anand Agricultural University,Diploma in Agriculture (DA) | National Council of Training Academy,DONE
agriculture blog India,"Best Agriculture Blogs in India 2026: No Fluff, Just Results",Top Agriculture Blogs in India 2026: Curated for Farmers Who Mean Business,"Skip the generic content. These are the agriculture blogs in India actually publishing useful, field-tested insights that help farmers make better decisions in 2026.","https://toyadhi.in/solutions/sustainable-farming
https://toyadhi.in/solutions/smart-farming
https://toyadhi.in/farming-business-ideas
",/blog,"Focus on showcasing innovative practices, sustainable methods, and technology in agriculture specific to India. Highlight the impact of agriculture on society and environment. Include expert interviews and real-life case studies of farmers. Use engaging visuals to attract readers and ensure content diversity to cover various agricultural dimensions while maintaining reader interest. Keywords like 'innovations', 'sustainability', and 'Indian farming techniques' are vital for SEO success.",Blogs | Best Agriculture Blogs In India - Mahadhan,Blog (Agriculture) - Down To Earth,20 Best Indian Agriculture Blogs to Follow in 2026 - FeedSpot,,,,https://mahadhan.co.in/knowledge-centre/blogs/?_page=3,https://www.downtoearth.org.in/collection/blog-agriculture,https://croplifeindia.org/blogs/,Sustainable Agriculture Centric Blogs - Croplife India,Agriculture Farm Management: Insights and Innovations - Kheti Buddy,DONE
hydroponics cost in India,Hydroponics Cost in India 2026: Full Honest Breakdown,Hydroponics Cost in India 2026: What Nobody Tells You Before You Invest,"Setup, running costs, ROI timelines. Here is the complete hydroponics cost breakdown for India in 2026, including what most guides leave out until after you have paid.","https://toyadhi.in/solutions/advanced-cultivation
https://toyadhi.in/farm-setup
https://toyadhi.in/organic-vs-hydroponics
",/hydroponics-cost-india,"Focus on providing current, detailed data on hydroponics costs and ROI for 2026. Include case studies and expert insights to differentiate from competitors. Emphasize economic and environmental benefits to attract diverse audiences.","Hydroponics Latest Price, Manufacturers & Suppliers - IndiaMART","Amazon.in: ₹1,000 - ₹5,000 - Hydroponic Growing Kits & Systems ...",How much does it cost to make an acre of hydroponic farm in India?,,,,https://dir.indiamart.com/impcat/hydroponic-systems.html,https://www.amazon.in/Hydroponic-Growing-Kits-Systems-Hydroponics/s?rh=n%3A10384210031%2Cp_36%3A1318504031&hidden-keywords=-rakhi,https://www.youtube.com/watch?v=vJqtivui2CM,How much does a 1 acre hydroponic farm cost in India ... - YouTube,"Comprehensive Guide to Setup Costs, Investment, and Profit Margins",DONE
polyhouse farming profit per acre,Polyhouse Farming Profit Per Acre 2026: Real Numbers Inside,Polyhouse Farming Profit Per Acre: What You Can Realistically Expect in 2026,"What does polyhouse farming profit per acre actually look like after costs? Real data, real margins, and the crops delivering the best returns in India right now.","https://toyadhi.in/polyhouse-farming-profit
https://toyadhi.in/farm-optimization
https://toyadhi.in/solutions/agri-business
",/polyhouse-farming-profit,"Focus on current high-profit strategies, investment returns, and market demand trends for polyhouse farming. Include real-life success stories, updated cost analysis, and step-by-step guides to enhance credibility and engagement for readers aiming for maximum profitability in 2026. Highlight innovations and emerging technologies specific to 2026 to differentiate from existing articles.",Top 5 Most Profitable Polyhouse Crops: Market Analysis & Yield ...,Polyhouse Cost for 1 Acre - FarmAtma,What is the total investment in polyhouse farming and what ... - Quora,,,,https://www.linkedin.com/pulse/top-5-most-profitable-polyhouse-crops-market-analysis-yield-znhjc,https://www.farmatma.in/polyhouse-cost/?srsltid=AfmBOopUNzIPQfoxbwiLqmOsP69eRYuggxPg97D8F2JXpXB6LADRtWot,https://discuss.farmnest.com/t/greenhouse-polyhouse-profitability/22305,Greenhouse / polyhouse profitability - Farm Questions,What are the costs and benefits of polyhouse farming? - Facebook,DONE
farming business ideas India,12 Farming Business Ideas in India That Are Making Money in 2026,Farming Business Ideas in India 2026: Ones That Are Actually Profitable,"Not every farming business idea makes money. These 12 are backed by real market demand in India right now, with low entry costs and proven profit potential in 2026.","https://toyadhi.in/farming-business-ideas
https://toyadhi.in/solutions/smart-farming
https://toyadhi.in/solutions/agri-business
",/farming-business-ideas,"Focus on emerging trends like agri-tech, organic practices, and sustainable farming. Highlight profitability and modern techniques appealing to new entrepreneurs. Integrate multimedia such as infographics or videos to increase engagement and dwelling time. Emphasize benefits over traditional methods and their potential in the 2026 landscape. Prioritize SEO optimization with relevant keywords placed naturally.",Top 10 Agricultural Business Ideas in India - IFFCO Kisan Finance,[PDF] MONEY MAKING AGRI-BUSINESS IDEAS IN INDIA - Agriallis,20 Profitable Agricultural Business Ideas for 2026 - Tata Capital,,,,https://iffcokisanfinance.com/blog/agricultural-business-ideas,https://agriallis.com/wp-content/uploads/2021/02/MONEY-MAKING-AGRI-BUSINESS-IDEAS-IN-INDIA-LOW-INVESTMENT-WITH-HIGH-PROFIT.pdf,https://www.indiabizforsale.com/blog/how-to-start-a-profitable-agriculture-business-in-india/?srsltid=AfmBOorHhjFqVNVPecLRWN9B_DpQDymVwZlLeH7FPHP48rl36dg0Ceoz,Start Profitable Agriculture Business in India 2026 - IndiaBizForSale,Top 10 Agriculture Business Ideas in India I Startup ... - YouTube,DONE
farming subsidies India,Farming Subsidies in India 2026: What You Are Eligible For,Farming Subsidies in India 2026: The Complete Eligibility Guide,"Most farmers in India miss subsidies they qualify for. Here is a clear, updated breakdown of farming subsidies available in 2026 and exactly how to claim them.","https://toyadhi.in/farming-subsidies-india
https://toyadhi.in/blog
https://toyadhi.in/farming-business-ideas
",/farming-subsidies-india,"Focus on providing a comprehensive analysis of current and emerging farming subsidies in India for 2026. Highlight specific government policies, their impact on farmers' lives, and agricultural productivity. Use data and case studies to illustrate changes and trends. Address both economic and social implications to appeal to AI-driven insights and human readers alike. This dual approach will enhance visibility and engagement.",Agricultural Subsidies in India,Subsidies in India - Wikipedia,[PDF] Agriculture Policy in India: The Role of Input Subsidies,,,,https://www.iisd.org/articles/policy-analysis/agricultural-subsidies-india,https://en.wikipedia.org/wiki/Subsidies_in_India,https://www.nature.com/articles/s41467-024-52858-6,The role of farm subsidies in changing India's water footprint - Nature,Agricultural Subsidies in India : Top Government Schemes 2026,DONE
organic vs hydroponics farming,Organic vs Hydroponics Farming 2026: Which One Actually Pays More,Organic vs Hydroponics Farming: An Honest Comparison for 2026,"Organic vs hydroponics farming is not just a philosophy debate. It is a money decision. Here is what the numbers say about cost, yield, and profit in India in 2026.","https://toyadhi.in/organic-vs-hydroponics
https://toyadhi.in/solutions/sustainable-farming
https://toyadhi.in/solutions/advanced-cultivation
",/organic-vs-hydroponics,"Focus on updated data, sustainability, and costs of organic vs hydroponics in 2026. Highlight technology advancements and real-world applications. Engage readers with clear pros and cons, and include expert opinions to build authority. Utilize structured data and FAQs to enhance AI-generated overviews and improve Google search visibility.","The debate on ""Organics"" and ""Hydroponics"" : r/hydro - Reddit",Organic Farming vs. Hydroponics: What's the Difference? | Growee,Hydroponic vs Organic Produce - Grow Space Vertical Farms,,,,https://www.reddit.com/r/hydro/comments/1gsvrv/the_debate_on_organics_and_hydroponics/,https://getgrowee.com/organic-farming-vs-hydroponics/,https://realorganicproject.org/hugh-kent-hydroponic-is-not-organic-farming-219/,Episode #219 Hugh Kent: Hydroponics Is Not Organic Farming,What's the difference between hydroponics and organic produce?,DONE
how farm consultancy works,How Farm Consultancy Works: What You Pay For and What You Get,How Farm Consultancy Works: The Honest Breakdown Farmers Need,"What does a farm consultancy actually do, and is it worth the fee? Here is a transparent look at how farm consultancy works, what to expect, and when it pays off.","https://toyadhi.in/farm-setup
https://toyadhi.in/farm-optimization
https://toyadhi.in/agri-business-consulting
",/how-we-work,"Emphasize the practical processes and benefits of farm consultancy. Highlight real-life case studies, and offer insights into increasing farm efficiency and productivity. Address modern challenges and integrate AI perspectives in agriculture. Focus on delivering actionable advice and solutions tailored to diverse agricultural needs.",5 Ways Agribusiness Consulting Can Increase Profitability,The Role of Farm Business Consulting Companies in Modern ...,Agricultural Consulting Procedures - ASFMRA,,,,https://nmsconsulting.com/13445/agribusiness-consulting-can-increase-profitability/,https://uncommonfarms.com/blog/role-of-farm-business-consulting-companies-in-modern-agriculture,https://www.reddit.com/r/farming/comments/z6m0b4/becoming_a_farm_consultant/,Becoming a farm consultant : r/farming - Reddit,Agricultural Consulting Sessions - A Guide | Just Vertical Commercial,DONE
agriculture consultancy clients,Agriculture Consultancy Clients: What Results They Actually Get,What Agriculture Consultancy Clients Actually Achieve: Real Case Studies,"Results from real agriculture consultancy clients, not testimonial snippets. Full case studies showing what changed, what was invested, and what came back in 2026.","https://toyadhi.in/solutions/agri-business
https://toyadhi.in/agri-business-consulting
https://toyadhi.in/farm-optimization
",/who-we-work-with,"Focus on delivering innovative, sustainable strategies tailored to modern agricultural challenges. Incorporate data-driven insights and client success stories. Highlight technology adoption and cost-effective solutions to align with search intent for growth and profitability in agriculture consultancy.",Agriculture | McKinsey & Company,Agribusiness - Agriculture Consulting - Bain & Company,Agribusiness Industry Consulting and Strategy | BCG,,,,https://www.mckinsey.com/industries/agriculture/how-we-help-clients,https://www.bain.com/industry-expertise/agribusiness/,https://nmsconsulting.com/13445/agribusiness-consulting-can-increase-profitability/,5 Ways Agribusiness Consulting Can Increase Profitability,Agriculture Consulting Services from Terracon,DONE
smart farming solutions India,Smart Farming Solutions in India 2026: What's Worth Adopting,Smart Farming Solutions in India: Cut Through the Hype in 2026,Dozens of smart farming solutions are flooding India's market. Here is an honest guide to which ones deliver real results for Indian farm sizes and budgets in 2026.,"https://toyadhi.in/solutions/smart-farming
https://toyadhi.in/integrated-solutions
https://toyadhi.in/solutions/advanced-cultivation
",/,"Emphasize innovation in agritech and sustainability practices. Highlight real-world applications and success stories in India. Use visuals and case studies to enhance engagement. Focus on IoT technology, AI applications, and increasing agricultural efficiency. Consider future trends and emerging technologies to position as a forward-thinking leader in smart farming.",SMART FARMING INDIA (P) LTD | Home :: SMART FARMING,Smart Farm India – Connecting solutions to end rural poverty,[PDF] Smart farming solutions in India: Exploring agritech service delivery ...,,,,https://www.smartfarmingindia.com/,https://smartfarmindia.org/,https://www.jiokrishi.com/,JioKrishi - Smart Agriculture Solutions,How smart farming solutions are manufactured in India? - YouTube,DONE
farm setup services India,"Farm Setup Services in India 2026: Cost, Process and What to Expect",Farm Setup Services in India: What Nobody Tells You Before You Start,"Thinking about using farm setup services in India? Here is what the process actually looks like, what it costs, and the mistakes to avoid before you spend a rupee.","https://toyadhi.in/farm-setup
https://toyadhi.in/farm-optimization
https://toyadhi.in/agri-business-consulting
",/farm-setup,"Prioritize comprehensive solutions tailored to modern farming needs in India. Highlight innovative agritech advancements and expert consultation with a focus on sustainability and profitability. Use unique hooks that emphasize support from setup to operation, ensuring resonance with both AI analyses and user intent search queries for maximum reach.",Hydroponic Farming in India | Commercial Farm Setup - Outdoor ...,Best Farm Consulting in India - KisaanMitrr,Set up your own Farm - Krikso India Agri Crop,,,,https://risehydroponics.in/,https://kisaanmitrr.in/farm-consulting/,https://sstechfarmingindia.com/consulting-services,End-to-End Agritech Consulting - SS TechFarming India,Agrighar – One-stop platform for promoting rural livelihoods through ...,DONE
increase farm yield India,How to Increase Farm Yield in India 2026: Proven Methods,Increase Farm Yield in India: What Is Actually Moving the Needle in 2026,"Generic advice does not increase farm yield. Here are the specific methods, inputs, and technologies Indian farmers are using to see measurable gains in 2026.","https://toyadhi.in/solutions/smart-farming
https://toyadhi.in/farm-optimization
https://toyadhi.in/solutions/advanced-cultivation
",/farm-optimization,"Focus on integrating India's latest agricultural tech and natural methods such as AI and zero-budget natural farming. Highlight real-world examples of successful implementations, with statistics showing improved yield and profitability. Include future-oriented strategies that address both technology and sustainability, appealing to forward-thinking farmers and policy makers.",Boosting Yields and Incomes in India (2024) - GAP Initiative,How Indian Farmers Are Using AI To Increase Crop Yield - Forbes,Natural farming improves crop yield in SE India when compared to ...,,,,https://globalagriculturalproductivity.org/bayer-gap-report-story/boosting-yields-and-incomes-in-india/,https://www.forbes.com/sites/janakirammsv/2024/02/01/how-indian-farmers-are-using-ai-to-increase-crop-yield/,https://www.youtube.com/watch?v=tVzuz3a6ytI,India's cheapest growth reform is in agriculture. Mustard shows why,From Yields to Profits: Natural Farming as a Game Changer for ...,DONE
agri business consulting India,Agri Business Consulting in India 2026: Who Is Worth Hiring,Agri Business Consulting in India: How to Find One That Actually Delivers,India has hundreds of agri business consulting firms. Here is how to tell the difference between consultants who drive growth and ones who just send you a report.,"https://toyadhi.in/solutions/agri-business-consulting
https://toyadhi.in/solutions/agri-business
https://toyadhi.in/farming-business-ideas
",/agri-business-consulting,Focus on showcasing cutting-edge strategies and technologies in agri consulting. Highlight sustainable practices and case studies of successful projects. Use clear visuals and data to enhance credibility and engage AI-driven searches. Emphasize local expertise and global innovation to capture diverse audience intent.,Agribusiness Consulting - Sathguru Management Consultants,Agriculture and food | management consulting - PwC India,Top Agriculture consulting firms in India,,,,https://www.sathguru.com/industries/agribusiness/,https://www.pwc.in/consulting/management-consulting/agriculture-social-sector-consulting.html,https://ycp.com/lp/india-agriculture-consulting,India Agriculture Consulting | YCP Group,Agriculture Consulting | Grant Thornton Bharat,DONE
farming success stories India,Real Farming Success Stories From India 2026: What Changed,"Farming Success Stories From India 2026: Real Farmers, Real Numbers","Not motivational fluff. These farming success stories from India in 2026 come with the numbers, the decisions, and the exact changes that turned struggling farms around.","https://toyadhi.in/case-studies
https://toyadhi.in/solutions/smart-farming
https://toyadhi.in/farming-business-ideas
",/case-studies,"Focus on highlighting unique, recent successes in Indian farming with rich storytelling. Emphasize innovations and sustainable practices that address current challenges like climate change. Use engaging narratives with actionable insights and visual content to attract both AI overviews and Google Search results.",Best of 2025: 10 Farming Stories That Defined Rural Innovation in ...,Success Stories of Indian Farmers - The Fertiliser Association of India,"Success Stories - Krishi Vigyan Kendra, Rohtas",,,,https://thebetterindia.com/farming/best-of-2025-india-farming-stories-rural-innovation-agripreneurs-sustainable-livelihoods-10925135,https://www.faidelhi.org/info/success-stories-of-indian-farmers/,https://icar.org.in/en/success-stories,Success Stories | ICAR,[PDF] Success Stories of Innovative Farmers in India,DONE
free DPR for farming project,Free DPR for Farming Project 2026: Template and Step-by-Step Guide,Free DPR for Your Farming Project: How to Write One That Gets Approved,Get a free DPR template for your farming project plus a step-by-step guide to filling it correctly. Avoid the common mistakes that get applications rejected in 2026.,"https://toyadhi.in/free-dpr
https://toyadhi.in/agri-business-consulting
https://toyadhi.in/farm-setup
",/free-dpr,"Focus on providing a detailed guide on obtaining free DPRs for farming. Include step-by-step instructions, templates, and expert advice. Address user intent by offering practical solutions and resources. Engage readers with actionable insights and ensure the content is up-to-date with recent policies and funding opportunities.",[PDF] Detailed Project Report (DPR) :Model template,DPR Template for Agriculture Projects | PDF | Debt | Loans - Scribd,Model DPR - National Agriculture Infra Financing Facility,,,,https://www.nhb.gov.in/NHBDPR/Aonla_DPR.pdf,https://www.scribd.com/document/669396131/B85D81772DD34C9FB5FD90DEBA022854,https://www.startup.arunachal.gov.in/uploads/pdf/government_policies/af76a75abd3784061939a1faf02a4996.pdf,[PDF] Detailed Project Report (DPR) Model template,[PDF] DETAILED PROJECT REPORT ON IMPLEMENTATION OF ...,DONE
agriculture consultancy contact,Contact an Agriculture Consultancy in India: What to Ask First,Agriculture Consultancy Contact: How to Reach the Right Expert for Your Farm,"Before you contact an agriculture consultancy, know what questions to ask. Here is how to find the right fit for your farm size, crop type, and budget in India.","https://toyadhi.in/solutions/agri-business-consulting
https://toyadhi.in/farm-setup
https://toyadhi.in/get-consultation
",/contact,Focus on providing comprehensive contact details and benefits of using agricultural consultants. Highlight specific services like crop management and sustainability. Ensure your content appeals to both AI algorithms and human readers by integrating user-friendly language and engaging hooks. Prioritize actionable advice and clear contact pathways to stand out against competitors.,Contact - American Society of Agricultural Consultants,Agricultural Consulting Services,Accredited Agricultural Consultant - ASFMRA,,,,https://www.agconsultants.org/contact.php,https://nmsconsulting.com/agriculture/,https://www.neconsultingservices.com/,new england consulting services,Consulting & Ag Advisors - CCOF.org,DONE